<?xml version="1.0" encoding="UTF-8"?>
<addon
  id="resource.language.en_psc"
  version="2.0.1"
  name="English (PSC)"
  provider-name="Team PSC">
  <requires>
    <import addon="kodi.resource" version="1.0.0"/>
  </requires>
  <extension
    point="kodi.resource.language"
    locale="en_gb">
    <charsets>
      <gui>CP1252</gui>
      <subtitle>CP1252</subtitle>
    </charsets>
    <sorttokens>
      <token>The</token>
    </sorttokens>
  </extension>
  <extension point="kodi.addon.metadata">
    <summary lang="en">English (PSC) language pack</summary>
    <description lang="en">English (PSC) version of all texts used in Kodi.</description>
    <platform>all</platform>
  </extension>
</addon>
